S.No.,State Code,State Name,District Code,District Name,Area (km2)[5],Population (2011)[5],Population density (per km2)
1,35.0,Andaman And Nicobar Islands,603.0,Nicobars,,,
2,35.0,Andaman And Nicobar Islands,632.0,North And Middle Andaman,,,
3,35.0,Andaman And Nicobar Islands,602.0,South Andamans,,,
4,28.0,Andhra Pradesh,745.0,Alluri Sitharama Raju,12251,953960,77.87
5,28.0,Andhra Pradesh,744.0,Anakapalli,4292,1726998,402.38
6,28.0,Andhra Pradesh,502.0,Anantapuramu,10205,2241105,219.61
7,28.0,Andhra Pradesh,753.0,Annamayya,7954,1697308,213.39
8,28.0,Andhra Pradesh,750.0,Bapatla,3829,1586918,414.45
9,28.0,Andhra Pradesh,503.0,Chittoor,6855,1872951,273.22
10,28.0,Andhra Pradesh,747.0,Dr. B. R. Ambedkar Konaseema,2083,1719093,825.3
11,28.0,Andhra Pradesh,505.0,East Godavari,2561,1832332,715.48
12,28.0,Andhra Pradesh,748.0,Eluru,6579,2006737,305.02
13,28.0,Andhra Pradesh,506.0,Guntur,2443,2091075,855.95
14,28.0,Andhra Pradesh,746.0,Kakinada,3019,2092374,693.07
15,28.0,Andhra Pradesh,510.0,Krishna,3775,1735079,459.62
16,28.0,Andhra Pradesh,511.0,Kurnool,7980,2271686,284.67
17,28.0,Andhra Pradesh,755.0,Nandyal,9682,1781777,184.03
18,28.0,Andhra Pradesh,749.0,NTR,3316,2218591,669.06
19,28.0,Andhra Pradesh,751.0,Palnadu,7298,2041723,279.76
20,28.0,Andhra Pradesh,743.0,Parvathipuram Manyam,3659,925340,252.89
21,28.0,Andhra Pradesh,517.0,Prakasam,14322,2288026,159.76
22,28.0,Andhra Pradesh,519.0,Srikakulam,4591,2191471,477.34
23,28.0,Andhra Pradesh,515.0,Sri Potti Sriramulu Nellore,10441,2469712,236.54
24,28.0,Andhra Pradesh,754.0,Sri Sathya Sai,8925,1840043,206.17
25,28.0,Andhra Pradesh,752.0,Tirupati,8231,2196984,266.92
26,28.0,Andhra Pradesh,520.0,Visakhapatnam,1048,1959544,1869.79
27,28.0,Andhra Pradesh,521.0,Vizianagaram,4122,1930811,468.42
28,28.0,Andhra Pradesh,523.0,West Godavari,2278,1844898,809.88
29,28.0,Andhra Pradesh,504.0,Y.S.R.,,,
30,12.0,Arunachal Pradesh,628.0,Anjaw,6190,21089,3
31,12.0,Arunachal Pradesh,787.0,Bichom,,,
32,12.0,Arunachal Pradesh,229.0,Changlang,4662,147951,32
33,12.0,Arunachal Pradesh,230.0,Dibang Valley,9129,7948,1
34,12.0,Arunachal Pradesh,231.0,East Kameng,4134,78413,19
35,12.0,Arunachal Pradesh,232.0,East Siang,4005,99019,25
36,12.0,Arunachal Pradesh,718.0,Kamle,200,"22,256[29]",111.28
37,12.0,Arunachal Pradesh,786.0,Keyi Panyor,,,
38,12.0,Arunachal Pradesh,677.0,Kra Daadi,2202,22290,10
39,12.0,Arunachal Pradesh,233.0,Kurung Kumey,8818,89717,10
40,12.0,Arunachal Pradesh,724.0,Leparada,,,
41,12.0,Arunachal Pradesh,234.0,Lohit,2402,145538,61
42,12.0,Arunachal Pradesh,666.0,Longding,"1,200[33]","60,000[33]",50[33]
43,12.0,Arunachal Pradesh,235.0,Lower Dibang Valley,3900,53986,14
44,12.0,Arunachal Pradesh,719.0,Lower Siang,,80597,
45,12.0,Arunachal Pradesh,236.0,Lower Subansiri,3460,82839,24
46,12.0,Arunachal Pradesh,678.0,Namsai,1587,95950,60
47,12.0,Arunachal Pradesh,723.0,Pakke-Kessang,,,
48,12.0,Arunachal Pradesh,237.0,Papum Pare,2875,176385,61
49,12.0,Arunachal Pradesh,725.0,Shi-Yomi,2875,13310,4.6
50,12.0,Arunachal Pradesh,679.0,Siang,2919,31920,11
51,12.0,Arunachal Pradesh,238.0,Tawang,2085,49950,24
52,12.0,Arunachal Pradesh,239.0,Tirap,2362,111975,47
53,12.0,Arunachal Pradesh,240.0,Upper Siang,6188,33146,5
54,12.0,Arunachal Pradesh,241.0,Upper Subansiri,7032,83205,12
55,12.0,Arunachal Pradesh,242.0,West Kameng,7422,87013,12
56,12.0,Arunachal Pradesh,243.0,West Siang,8325,112272,12
57,18.0,Assam,739.0,Bajali,418,253816,610
58,18.0,Assam,616.0,Baksa,2457,950075,387
59,18.0,Assam,280.0,Barpeta,3182,1693622,532
60,18.0,Assam,705.0,Biswanath,1415,612491,430
61,18.0,Assam,281.0,Bongaigaon,1093,738804,676
62,18.0,Assam,282.0,Cachar,3786,1736319,459
63,18.0,Assam,708.0,Charaideo,,,
64,18.0,Assam,612.0,Chirang#,1170,482162,412
65,18.0,Assam,283.0,Darrang,1585,928500,586
66,18.0,Assam,284.0,Dhemaji,3237,686133,212
67,18.0,Assam,285.0,Dhubri,1608,1394144,867
68,18.0,Assam,286.0,Dibrugarh,3381,1326335,392
69,18.0,Assam,299.0,Dima Hasao##,4890,214102,44
70,18.0,Assam,287.0,Goalpara,1824,1008183,553
71,18.0,Assam,288.0,Golaghat,3502,1066888,305
72,18.0,Assam,289.0,Hailakandi,1327,659296,497
73,18.0,Assam,709.0,Hojai,1686,931218,550
74,18.0,Assam,290.0,Jorhat,2851,924952,324
75,18.0,Assam,291.0,Kamrup,3105,1517542,489
76,18.0,Assam,618.0,Kamrup Metro,,,
77,18.0,Assam,292.0,Karbi Anglong,7366,660955,90
78,18.0,Assam,293.0,Karimganj,,,
79,18.0,Assam,294.0,Kokrajhar#,3169,887142,280
80,18.0,Assam,295.0,Lakhimpur,2277,1042137,458
81,18.0,Assam,706.0,Majuli,880,167304,190
82,18.0,Assam,296.0,Marigaon,,,
83,18.0,Assam,297.0,Nagaon,3973,2823768,711
84,18.0,Assam,298.0,Nalbari,2257,771639,342
85,18.0,Assam,300.0,Sivasagar,2668,679632,255
86,18.0,Assam,301.0,Sonitpur,3176,1924110,606
87,18.0,Assam,707.0,South Salmara Mancachar,,,
88,18.0,Assam,756.0,Tamulpur,884,389150,440
89,18.0,Assam,302.0,Tinsukia,3790,1327929,350
90,18.0,Assam,617.0,Udalguri#,1852,831688,449
91,18.0,Assam,710.0,West Karbi Anglong[1],3035,295358,97
92,10.0,Bihar,188.0,Araria,2829,2811569,751
93,10.0,Bihar,611.0,Arwal,637,699000,918
94,10.0,Bihar,189.0,Aurangabad,3303,2540073,607
94,10.0,Bihar,189.0,Aurangabad,10100,3701282,286.83
95,10.0,Bihar,190.0,Banka,3018,2034763,533
96,10.0,Bihar,191.0,Begusarai,1917,2970541,1222
97,10.0,Bihar,192.0,Bhagalpur,2569,3037766,946
98,10.0,Bihar,193.0,Bhojpur,2473,2728407,903
99,10.0,Bihar,194.0,Buxar,1624,1706352,864
100,10.0,Bihar,195.0,Darbhanga,2278,3937385,1442
101,10.0,Bihar,196.0,Gaya,4978,4391418,696
102,10.0,Bihar,197.0,Gopalganj,2033,2562012,1057
103,10.0,Bihar,198.0,Jamui,3099,1760405,451
104,10.0,Bihar,199.0,Jehanabad,1569,1125313,963
105,10.0,Bihar,200.0,Kaimur (Bhabua),,,
106,10.0,Bihar,201.0,Katihar,3056,3071029,782
107,10.0,Bihar,202.0,Khagaria,1486,1666886,859
108,10.0,Bihar,203.0,Kishanganj,1884,1690400,687
109,10.0,Bihar,204.0,Lakhisarai,1229,1000912,652
110,10.0,Bihar,205.0,Madhepura,1787,2001762,853
111,10.0,Bihar,206.0,Madhubani,3501,4487379,1020
112,10.0,Bihar,207.0,Munger,1419,1367765,800
113,10.0,Bihar,208.0,Muzaffarpur,3173,4801062,1180
114,10.0,Bihar,209.0,Nalanda,2354,2877653,1006
115,10.0,Bihar,210.0,Nawada,2492,2219146,726
116,10.0,Bihar,211.0,Pashchim Champaran,,,
117,10.0,Bihar,212.0,Patna,3202,5838465,1471
118,10.0,Bihar,213.0,Purbi Champaran,,,
119,10.0,Bihar,214.0,Purnia,3228,3264619,787
120,10.0,Bihar,215.0,Rohtas,3850,2959918,636
121,10.0,Bihar,216.0,Saharsa,1702,1900661,885
122,10.0,Bihar,217.0,Samastipur,2905,4261566,1175
123,10.0,Bihar,218.0,Saran,2641,3951862,1231
124,10.0,Bihar,219.0,Sheikhpura,689,634927,762
125,10.0,Bihar,220.0,Sheohar,349,656246,1880
126,10.0,Bihar,221.0,Sitamarhi,2199,3423574,1214
127,10.0,Bihar,222.0,Siwan,2219,3330464,1221
128,10.0,Bihar,223.0,Supaul,2410,2229076,724
129,10.0,Bihar,224.0,Vaishali,2036,3495021,1332
130,4.0,Chandigarh,44.0,Chandigarh,,,
131,22.0,Chhattisgarh,646.0,Balod,3527,826165,234
132,22.0,Chhattisgarh,644.0,Balodabazar-Bhatapara,,,
133,22.0,Chhattisgarh,649.0,Balrampur-Ramanujganj,,,
134,22.0,Chhattisgarh,374.0,Bastar,6596.9,834873,213
135,22.0,Chhattisgarh,650.0,Bemetara,2854.81,795759,279
136,22.0,Chhattisgarh,636.0,Bijapur,6552.96,255230,39
137,22.0,Chhattisgarh,375.0,Bilaspur,3511.1,1625502,463
137,22.0,Chhattisgarh,375.0,Bilaspur,1167,381956,327
138,22.0,Chhattisgarh,376.0,Dakshin Bastar Dantewada,,,
139,22.0,Chhattisgarh,377.0,Dhamtari,4081.93,799781,196
140,22.0,Chhattisgarh,378.0,Durg,2319.99,1721948,742
141,22.0,Chhattisgarh,645.0,Gariaband,5854.94,597653,103
142,22.0,Chhattisgarh,734.0,Gaurella-Pendra-Marwahi,2307.39,336420,166
143,22.0,Chhattisgarh,379.0,Janjgir-Champa,4466.74,966671,360
144,22.0,Chhattisgarh,380.0,Jashpur,6457.41,851669,132
145,22.0,Chhattisgarh,382.0,Kabeerdham,,,
146,22.0,Chhattisgarh,759.0,Khairagarh-Chhuikhadan-Gandai,-,368444,-
147,22.0,Chhattisgarh,643.0,Kondagaon,6050.73,578326,96
148,22.0,Chhattisgarh,383.0,Korba,7145.44,1206640,169
149,22.0,Chhattisgarh,384.0,Korea,,,
150,22.0,Chhattisgarh,385.0,Mahasamund,4963.01,1032754,208
151,22.0,Chhattisgarh,760.0,Manendragarh-Chirmiri-Bharatpur(M C B),,,
152,22.0,Chhattisgarh,761.0,Mohla-Manpur- Ambagarh Chowki,-,283947,-
153,22.0,Chhattisgarh,647.0,Mungeli,2750.36,701707,255
154,22.0,Chhattisgarh,637.0,Narayanpur,6922.68,139820,20
155,22.0,Chhattisgarh,386.0,Raigarh,-,1112982,-
156,22.0,Chhattisgarh,387.0,Raipur,2914.37,2160876,742
157,22.0,Chhattisgarh,388.0,Rajnandgaon,8070,884742,110
158,22.0,Chhattisgarh,762.0,Sakti,-,653036,-
159,22.0,Chhattisgarh,763.0,Sarangarh-Bilaigarh,-,607434,-
160,22.0,Chhattisgarh,642.0,Sukma,5767.02,250159,43
161,22.0,Chhattisgarh,648.0,Surajpur,4998.26,789043,158
162,22.0,Chhattisgarh,389.0,Surguja,5019.8,840352,167
163,22.0,Chhattisgarh,381.0,Uttar Bastar Kanker,,,
164,7.0,Delhi,77.0,Central,,,
165,7.0,Delhi,78.0,East,,,
166,7.0,Delhi,79.0,New Delhi,35,133713,
167,7.0,Delhi,80.0,North,,,
168,7.0,Delhi,81.0,North East,,,
169,7.0,Delhi,82.0,North West,,,
170,7.0,Delhi,671.0,Shahdara,59.75,322931,
171,7.0,Delhi,83.0,South,,,
172,7.0,Delhi,670.0,South East,,,
173,7.0,Delhi,84.0,South West,,,
174,7.0,Delhi,85.0,West,,,
175,30.0,Goa,551.0,North Goa,"1,736","817,761",471
176,30.0,Goa,552.0,South Goa,"1,966","639,962",326
177,24.0,Gujarat,438.0,Ahmedabad,,,
178,24.0,Gujarat,439.0,Amreli,,1513614,
179,24.0,Gujarat,440.0,Anand,,2090276,
180,24.0,Gujarat,672.0,Arvalli,,,
181,24.0,Gujarat,441.0,Banas Kantha,,,
182,24.0,Gujarat,442.0,Bharuch,,1550822,
183,24.0,Gujarat,443.0,Bhavnagar,,2393272,
184,24.0,Gujarat,676.0,Botad,,656005,
185,24.0,Gujarat,668.0,Chhotaudepur,,,
186,24.0,Gujarat,445.0,Dahod,,2126558,
187,24.0,Gujarat,444.0,Dangs,,,
188,24.0,Gujarat,674.0,Devbhumi Dwarka,,,
189,24.0,Gujarat,446.0,Gandhinagar,,1387478,
190,24.0,Gujarat,675.0,Gir Somnath,,,
191,24.0,Gujarat,447.0,Jamnagar,,1407635,
192,24.0,Gujarat,448.0,Junagadh,,1525605,
193,24.0,Gujarat,449.0,Kachchh,,,
194,24.0,Gujarat,450.0,Kheda,,,
195,24.0,Gujarat,451.0,Mahesana,,,
196,24.0,Gujarat,669.0,Mahisagar,,,
197,24.0,Gujarat,673.0,Morbi,,960329,
198,24.0,Gujarat,452.0,Narmada,,,
199,24.0,Gujarat,453.0,Navsari,,1330711,
200,24.0,Gujarat,454.0,Panch Mahals,,,
201,24.0,Gujarat,455.0,Patan,,1342746,
202,24.0,Gujarat,456.0,Porbandar,,586062,
203,24.0,Gujarat,457.0,Rajkot,,3015229,
204,24.0,Gujarat,458.0,Sabar Kantha,,,
205,24.0,Gujarat,459.0,Surat,,,
206,24.0,Gujarat,460.0,Surendranagar,,1585268,
207,24.0,Gujarat,641.0,Tapi,,,
208,24.0,Gujarat,461.0,Vadodara,,,
209,24.0,Gujarat,462.0,Valsad,,1703068,
210,6.0,Haryana,58.0,Ambala,1574,1136784,
211,6.0,Haryana,59.0,Bhiwani,3432,1126833,
212,6.0,Haryana,701.0,Charkhi Dadri,1370,502276,
213,6.0,Haryana,60.0,Faridabad,792,1798954,
214,6.0,Haryana,61.0,Fatehabad,2538,941522,
215,6.0,Haryana,62.0,Gurugram,1253,1514085,
216,6.0,Haryana,63.0,Hisar,3983,1742815,
217,6.0,Haryana,64.0,Jhajjar,1834,956907,
218,6.0,Haryana,65.0,Jind,2702,1332042,
219,6.0,Haryana,66.0,Kaithal,2317,1072861,
220,6.0,Haryana,67.0,Karnal,2520,1506323,
221,6.0,Haryana,68.0,Kurukshetra,1530,964231,
222,6.0,Haryana,69.0,Mahendragarh,1859,921680,
223,6.0,Haryana,604.0,Nuh,1874,1089406,
224,6.0,Haryana,619.0,Palwal,1359,1040493,
225,6.0,Haryana,70.0,Panchkula,898,558890,
226,6.0,Haryana,71.0,Panipat,1268,1202811,
227,6.0,Haryana,72.0,Rewari,1582,896129,
228,6.0,Haryana,73.0,Rohtak,1745,1058683,
229,6.0,Haryana,74.0,Sirsa,4277,1295114,
230,6.0,Haryana,75.0,Sonipat,2122,1480080,
231,6.0,Haryana,76.0,Yamunanagar,1768,1214162,
232,2.0,Himachal Pradesh,15.0,Bilaspur,3511.1,1625502,463
232,2.0,Himachal Pradesh,15.0,Bilaspur,1167,381956,327
233,2.0,Himachal Pradesh,16.0,Chamba,6522,519080,80
234,2.0,Himachal Pradesh,17.0,Hamirpur,1118,454768,407
234,2.0,Himachal Pradesh,17.0,Hamirpur,4021,1104285,275
235,2.0,Himachal Pradesh,18.0,Kangra,5739,1510075,263
236,2.0,Himachal Pradesh,19.0,Kinnaur,6401,84121,13
237,2.0,Himachal Pradesh,20.0,Kullu,5503,437903,80
238,2.0,Himachal Pradesh,21.0,Lahaul and Spiti,7835,18564,1
239,2.0,Himachal Pradesh,22.0,Mandi,3950,999777,250
240,2.0,Himachal Pradesh,23.0,Shimla,5131,814010,159
241,2.0,Himachal Pradesh,24.0,Sirmaur,2825,529855,188
242,2.0,Himachal Pradesh,25.0,Solan,1936,580320,300
243,2.0,Himachal Pradesh,26.0,Una,1540,521173,338
244,1.0,Jammu And Kashmir,1.0,Anantnag   ,"3,574","1,070,144",
245,1.0,Jammu And Kashmir,623.0,Bandipora,,,
246,1.0,Jammu And Kashmir,3.0,Baramulla   ,"4,243","1,015,503",
247,1.0,Jammu And Kashmir,2.0,Budgam   ,"1,361","735,753",
248,1.0,Jammu And Kashmir,4.0,Doda  ,2625,409576,
249,1.0,Jammu And Kashmir,626.0,Ganderbal   ,"1,045","297,003",
250,1.0,Jammu And Kashmir,5.0,Jammu  ,2342,1526406,
251,1.0,Jammu And Kashmir,7.0,Kathua  ,2502,615711,
252,1.0,Jammu And Kashmir,620.0,Kishtwar  ,7737,231037,
253,1.0,Jammu And Kashmir,622.0,Kulgam   ,410,"422,786",
254,1.0,Jammu And Kashmir,8.0,Kupwara   ,"2,379","875,564",
255,1.0,Jammu And Kashmir,10.0,Poonch  ,1674,476820,
256,1.0,Jammu And Kashmir,11.0,Pulwama   ,"1,086","570,060",
257,1.0,Jammu And Kashmir,12.0,Rajouri  ,2630,619266,
258,1.0,Jammu And Kashmir,621.0,Ramban  ,1329,283313,
259,1.0,Jammu And Kashmir,627.0,Reasi  ,1719,314714,
260,1.0,Jammu And Kashmir,624.0,Samba  ,904,318611,
261,1.0,Jammu And Kashmir,625.0,Shopian   ,312,"265,960",
262,1.0,Jammu And Kashmir,13.0,Srinagar   ,"1,979","1,269,751",
263,1.0,Jammu And Kashmir,14.0,Udhampur  ,2367,555357,
264,20.0,Jharkhand,322.0,Bokaro,2883,2062330,715
265,20.0,Jharkhand,323.0,Chatra,3718,1042886,280
266,20.0,Jharkhand,324.0,Deoghar,2477,1492073,602
267,20.0,Jharkhand,325.0,Dhanbad,2040,2684487,1316
268,20.0,Jharkhand,326.0,Dumka,3761,1321442,351
269,20.0,Jharkhand,327.0,East Singhbhum,3562,2293919,644
270,20.0,Jharkhand,328.0,Garhwa,4093,1322784,323
271,20.0,Jharkhand,329.0,Giridih,4962,2445474,493
272,20.0,Jharkhand,330.0,Godda,2266,1313551,580
273,20.0,Jharkhand,331.0,Gumla,5360,1025213,191
274,20.0,Jharkhand,332.0,Hazaribagh,3555,1734495,488
275,20.0,Jharkhand,333.0,Jamtara,1811,791042,437
276,20.0,Jharkhand,606.0,Khunti,2535,531885,210
277,20.0,Jharkhand,334.0,Koderma,,,
278,20.0,Jharkhand,335.0,Latehar,4291,726978,169
279,20.0,Jharkhand,336.0,Lohardaga,1502,461790,307
280,20.0,Jharkhand,337.0,Pakur,1811,900422,497
281,20.0,Jharkhand,338.0,Palamu,4393,1939869,442
282,20.0,Jharkhand,607.0,Ramgarh,1341,949443,708
283,20.0,Jharkhand,339.0,Ranchi,5097,2914253,572
284,20.0,Jharkhand,340.0,Sahebganj,,,
285,20.0,Jharkhand,341.0,Saraikela-Kharsawan,2657,1065056,401
286,20.0,Jharkhand,342.0,Simdega,3774,599578,159
287,20.0,Jharkhand,343.0,West Singhbhum,7224,1502338,208
288,29.0,Karnataka,524.0,Bagalkote,6575,1889752,288
289,29.0,Karnataka,528.0,Ballari,4252,1400970,290
290,29.0,Karnataka,527.0,Belagavi,13415,4779661,356
291,29.0,Karnataka,526.0,Bengaluru Rural,2259,990923,431
292,29.0,Karnataka,525.0,Bengaluru Urban,2190,9621551,4393
293,29.0,Karnataka,529.0,Bidar,5448,1703300,313
294,29.0,Karnataka,531.0,Chamarajanagar,5101,1020791,181
295,29.0,Karnataka,630.0,Chikkaballapura,4524,1255104,296
296,29.0,Karnataka,532.0,Chikkamagaluru,7201,1137961,158
297,29.0,Karnataka,533.0,Chitradurga,8440,1659456,197
298,29.0,Karnataka,534.0,Dakshina Kannada,4560,2089649,430
299,29.0,Karnataka,535.0,Davanagere,4460,1643494,370
300,29.0,Karnataka,536.0,Dharwad,4260,1847023,434
301,29.0,Karnataka,537.0,Gadag,4656,1064570,229
302,29.0,Karnataka,539.0,Hassan,6814,1776421,261
303,29.0,Karnataka,540.0,Haveri,4823,1597668,331
304,29.0,Karnataka,538.0,Kalaburagi,10951,2566326,234
305,29.0,Karnataka,541.0,Kodagu,4102,554519,135
306,29.0,Karnataka,542.0,Kolar,3969,1536401,386
307,29.0,Karnataka,543.0,Koppal,7189,1389920,250
308,29.0,Karnataka,544.0,Mandya,4961,1805769,364
309,29.0,Karnataka,545.0,Mysuru,6854,3001127,476
310,29.0,Karnataka,546.0,Raichur,8440,1928812,228
311,29.0,Karnataka,631.0,Ramanagara,,,
312,29.0,Karnataka,547.0,Shivamogga,8477,1752753,207
313,29.0,Karnataka,548.0,Tumakuru,10597,2678980,253
314,29.0,Karnataka,549.0,Udupi,3880,1177361,329
315,29.0,Karnataka,550.0,Uttara Kannada,10291,1437169,140
316,29.0,Karnataka,738.0,Vijayanagara,5644,1353628,240
317,29.0,Karnataka,530.0,Vijayapura,10498,2177331,210
318,29.0,Karnataka,635.0,Yadgir,,,
319,32.0,Kerala,554.0,Alappuzha,1415,2146033,
320,32.0,Kerala,555.0,Ernakulam,2924,3427659,
321,32.0,Kerala,556.0,Idukki,4612,1093156,
322,32.0,Kerala,557.0,Kannur,2966,2615266,
323,32.0,Kerala,558.0,Kasaragod,1989,1390894,
324,32.0,Kerala,559.0,Kollam,2483,2659431,
325,32.0,Kerala,560.0,Kottayam,2206,1983573,
326,32.0,Kerala,561.0,Kozhikode,2345,3249761,
327,32.0,Kerala,562.0,Malappuram,3554,4494998,
328,32.0,Kerala,563.0,Palakkad,4482,2952254,
329,32.0,Kerala,564.0,Pathanamthitta,2652,1172212,
330,32.0,Kerala,565.0,Thiruvananthapuram,2189,3355148,
331,32.0,Kerala,566.0,Thrissur,3027,3243170,
332,32.0,Kerala,567.0,Wayanad,2130,846637,
333,37.0,Ladakh,6.0,Kargil,14086,140802,
334,37.0,Ladakh,9.0,Leh Ladakh,,,
335,31.0,Lakshadweep,553.0,Lakshadweep District,,,
336,23.0,Madhya Pradesh,667.0,Agar Malwa,2785,571275,205
337,23.0,Madhya Pradesh,639.0,Alirajpur,3182,728999,229
338,23.0,Madhya Pradesh,390.0,Anuppur,3746,749237,200
339,23.0,Madhya Pradesh,391.0,Ashoknagar,4674,845071,181
340,23.0,Madhya Pradesh,392.0,Balaghat,9229,1701698,184
341,23.0,Madhya Pradesh,393.0,Barwani,5432,1385881,255
342,23.0,Madhya Pradesh,394.0,Betul,10043,1575362,157
343,23.0,Madhya Pradesh,395.0,Bhind,4459,1703005,382
344,23.0,Madhya Pradesh,396.0,Bhopal,2772,2371061,855
345,23.0,Madhya Pradesh,397.0,Burhanpur,2473,757847,306
346,23.0,Madhya Pradesh,398.0,Chhatarpur,8687,1762375,203
347,23.0,Madhya Pradesh,399.0,Chhindwara,10293,1716612,177
348,23.0,Madhya Pradesh,400.0,Damoh,7306,1264219,173
349,23.0,Madhya Pradesh,401.0,Datia,2038,786754,386
350,23.0,Madhya Pradesh,402.0,Dewas,7020,1563715,223
351,23.0,Madhya Pradesh,403.0,Dhar,8153,2185793,268
352,23.0,Madhya Pradesh,404.0,Dindori,7427,704524,95
353,23.0,Madhya Pradesh,406.0,Guna,6485,1241519,191
354,23.0,Madhya Pradesh,407.0,Gwalior,5214,2032036,390
355,23.0,Madhya Pradesh,408.0,Harda,3339,570465,171
356,23.0,Madhya Pradesh,410.0,Indore,3898,3276697,841
357,23.0,Madhya Pradesh,411.0,Jabalpur,5210,2463289,473
358,23.0,Madhya Pradesh,412.0,Jhabua,6782,1025048,151
359,23.0,Madhya Pradesh,413.0,Katni,4927,1292042,262
360,23.0,Madhya Pradesh,405.0,Khandwa (East Nimar),,,
361,23.0,Madhya Pradesh,414.0,Khargone (West Nimar),,,
362,23.0,Madhya Pradesh,784.0,Maihar,2722.79,856028,314
363,23.0,Madhya Pradesh,415.0,Mandla,5805,1054905,182
364,23.0,Madhya Pradesh,416.0,Mandsaur,5530,1340411,242
365,23.0,Madhya Pradesh,766.0,Mauganj,1866,616645,331
366,23.0,Madhya Pradesh,417.0,Morena,4991,1965970,394
367,23.0,Madhya Pradesh,409.0,Narmadapuram,6698,1241350,185
368,23.0,Madhya Pradesh,418.0,Narsimhapur,,,
369,23.0,Madhya Pradesh,419.0,Neemuch,4267,826067,194
370,23.0,Madhya Pradesh,722.0,Niwari,1170,404807,346
371,23.0,Madhya Pradesh,785.0,Pandhurna,1522,374310,246
372,23.0,Madhya Pradesh,420.0,Panna,7135,1016520,142
373,23.0,Madhya Pradesh,421.0,Raisen,8446,1331597,158
374,23.0,Madhya Pradesh,422.0,Rajgarh,6154,1545814,251
375,23.0,Madhya Pradesh,423.0,Ratlam,4861,1455069,299
376,23.0,Madhya Pradesh,424.0,Rewa,6434,1748461,368
377,23.0,Madhya Pradesh,425.0,Sagar,10252,2378458,232
378,23.0,Madhya Pradesh,426.0,Satna,7502,2228935,297
379,23.0,Madhya Pradesh,427.0,Sehore,6578,1311332,199
380,23.0,Madhya Pradesh,428.0,Seoni,8758,1379131,157
381,23.0,Madhya Pradesh,429.0,Shahdol,6205,1066063,172
382,23.0,Madhya Pradesh,430.0,Shajapur,3460,941403,272
383,23.0,Madhya Pradesh,431.0,Sheopur,6585,687861,104
384,23.0,Madhya Pradesh,432.0,Shivpuri,10278,1726050,168
385,23.0,Madhya Pradesh,433.0,Sidhi,4851,1127033,230
386,23.0,Madhya Pradesh,638.0,Singrauli,5672,1178273,208
387,23.0,Madhya Pradesh,434.0,Tikamgarh,3878,1040359,268
388,23.0,Madhya Pradesh,435.0,Ujjain,6091,1986864,326
389,23.0,Madhya Pradesh,436.0,Umaria,4026,644758,160
390,23.0,Madhya Pradesh,437.0,Vidisha,7371,1458875,198
391,27.0,Maharashtra,466.0,Ahilyanagar,,,
392,27.0,Maharashtra,467.0,Akola,5428,1813906,300.78
393,27.0,Maharashtra,468.0,Amravati,12235,2888445,206.4
394,27.0,Maharashtra,470.0,Beed,10693,1200334,207.04
395,27.0,Maharashtra,471.0,Bhandara,3717,2585049,305.58
396,27.0,Maharashtra,472.0,Buldhana,9661,2586258,230.63
397,27.0,Maharashtra,473.0,Chandrapur,11443,2204307,193.65
398,27.0,Maharashtra,469.0,Chhatrapati Sambhajinagar,,,
399,27.0,Maharashtra,488.0,Dharashiv,,,
400,27.0,Maharashtra,474.0,Dhule,7195,2050862,211.83
401,27.0,Maharashtra,475.0,Gadchiroli,14412,1072942,67.33
402,27.0,Maharashtra,476.0,Gondia,5234,1322507,247.81
403,27.0,Maharashtra,477.0,Hingoli,4526,1177345,218.11
404,27.0,Maharashtra,478.0,Jalgaon,11765,4229917,312.79
405,27.0,Maharashtra,479.0,Jalna,7687,1959046,211.82
406,27.0,Maharashtra,480.0,Kolhapur,7685,3876001,457.44
407,27.0,Maharashtra,481.0,Latur,7157,2454196,282.19
408,27.0,Maharashtra,482.0,Mumbai,,,
409,27.0,Maharashtra,483.0,Mumbai Suburban,446,9356962,23271
410,27.0,Maharashtra,484.0,Nagpur,9892,4653570,409.36
411,27.0,Maharashtra,485.0,Nanded,10528,3361292,275.98
412,27.0,Maharashtra,486.0,Nandurbar,5955,1648295,260
413,27.0,Maharashtra,487.0,Nashik,15582,6107187,321.56
414,27.0,Maharashtra,665.0,Palghar,5344,2990116,562
415,27.0,Maharashtra,489.0,Parbhani,6251,1836086,244.4
416,27.0,Maharashtra,490.0,Pune,15643,9429408,461.85
417,27.0,Maharashtra,491.0,Raigad,7152,2634200,308.89
418,27.0,Maharashtra,492.0,Ratnagiri,8208,1615069,206.72
419,27.0,Maharashtra,493.0,Sangli,8578,2822143,301.18
420,27.0,Maharashtra,494.0,Satara,10480,3003741,266.77
421,27.0,Maharashtra,495.0,Sindhudurg,5207,849651,166.86
422,27.0,Maharashtra,496.0,Solapur,14895,4317756,259.32
423,27.0,Maharashtra,497.0,Thane,4214,8070032,850.71
424,27.0,Maharashtra,498.0,Wardha,6310,1300774,195.03
425,27.0,Maharashtra,499.0,Washim,5150,1197160,275.98
426,27.0,Maharashtra,500.0,Yavatmal,13582,2772348,152.93
427,14.0,Manipur,252.0,Bishnupur,496,240363,415
428,14.0,Manipur,253.0,Chandel,2100,144028,37
429,14.0,Manipur,254.0,Churachandpur,2392,271274,50
430,14.0,Manipur,255.0,Imphal East,497,452661,555
431,14.0,Manipur,256.0,Imphal West,519,514683,847
432,14.0,Manipur,713.0,Jiribam,182,43818,190
433,14.0,Manipur,711.0,Kakching,190,135481,
434,14.0,Manipur,717.0,Kamjong,2338,45616,23
435,14.0,Manipur,712.0,Kangpokpi,1698,,
436,14.0,Manipur,714.0,Noney,1076,,
437,14.0,Manipur,715.0,Pherzawl,2128,47250,21
438,14.0,Manipur,257.0,Senapati,1573,354772,116
439,14.0,Manipur,258.0,Tamenglong,3315,140143,25
440,14.0,Manipur,716.0,Tengnoupal,1213,,
441,14.0,Manipur,259.0,Thoubal,324,420517,713
442,14.0,Manipur,260.0,Ukhrul,2206,183115,31
443,17.0,Meghalaya,740.0,Eastern West Khasi Hills,1356.77,131451,
444,17.0,Meghalaya,273.0,East Garo Hills,1490,199592,
445,17.0,Meghalaya,657.0,East Jaintia Hills,2040,122939,
446,17.0,Meghalaya,274.0,East Khasi Hills,2752,825922,
447,17.0,Meghalaya,656.0,North Garo Hills,1113,118325,
448,17.0,Meghalaya,276.0,Ri-Bhoi,2378,258840,
449,17.0,Meghalaya,277.0,South Garo Hills,1850,142334,
450,17.0,Meghalaya,663.0,South West Garo Hills,822,172495,
451,17.0,Meghalaya,658.0,South West Khasi Hills,1341,110152,
452,17.0,Meghalaya,278.0,West Garo Hills,2855,472497,
453,17.0,Meghalaya,275.0,West Jaintia Hills,1693,270352,
454,17.0,Meghalaya,279.0,West Khasi Hills,3890,252010,
455,15.0,Mizoram,261.0,Aizawl,3577,400309,110
456,15.0,Mizoram,262.0,Champhai,3168,125745,39
457,15.0,Mizoram,726.0,Hnahthial,1030,28468,27
458,15.0,Mizoram,728.0,Khawzawl,1152,42355,36
459,15.0,Mizoram,263.0,Kolasib,1386,83955,61
460,15.0,Mizoram,264.0,Lawngtlai,2519,117894,46
461,15.0,Mizoram,265.0,Lunglei,4572,161428,36
462,15.0,Mizoram,266.0,Mamit,2967,86364,29
463,15.0,Mizoram,727.0,Saitual,,63685,
464,15.0,Mizoram,268.0,Serchhip,1424,64937,46
465,15.0,Mizoram,267.0,Siaha,,,
466,13.0,Nagaland,758.0,Chumoukedima,,,
467,13.0,Nagaland,244.0,Dimapur,70,170000,
468,13.0,Nagaland,614.0,Kiphire,1130,74004,
469,13.0,Nagaland,245.0,Kohima,1207,267988,
470,13.0,Nagaland,615.0,Longleng,885,50484,
471,13.0,Nagaland,246.0,Mokokchung,1719,194622,
472,13.0,Nagaland,247.0,Mon,1786,250260,
473,13.0,Nagaland,764.0,Niuland,,11876,
474,13.0,Nagaland,736.0,Noklak,1152,59300,
475,13.0,Nagaland,613.0,Peren,2300,95219,
476,13.0,Nagaland,248.0,Phek,2026,163418,
477,13.0,Nagaland,765.0,Shamator,,12726,
478,13.0,Nagaland,757.0,Tseminyu,,,
479,13.0,Nagaland,249.0,Tuensang,2536,137296,
480,13.0,Nagaland,250.0,Wokha,1628,166343,
481,13.0,Nagaland,251.0,Zunheboto,,,
482,21.0,Odisha,344.0,Anugul,,,
483,21.0,Odisha,345.0,Balangir,6575,1648997,251
484,21.0,Odisha,346.0,Baleshwar,,,
485,21.0,Odisha,347.0,Bargarh,5837,1481255,254
486,21.0,Odisha,348.0,Bhadrak,2505,1506337,601
487,21.0,Odisha,349.0,Boudh,3444.8,441162,128
488,21.0,Odisha,350.0,Cuttack,3932,2624470,667
489,21.0,Odisha,351.0,Deogarh,,,
490,21.0,Odisha,352.0,Dhenkanal,4452,1192811,268
491,21.0,Odisha,353.0,Gajapati,3850,577817,150
492,21.0,Odisha,354.0,Ganjam,8206,3529031,430
493,21.0,Odisha,355.0,Jagatsinghapur,1759,1136971,646
494,21.0,Odisha,356.0,Jajapur,,,
495,21.0,Odisha,357.0,Jharsuguda,2081,579505,278
496,21.0,Odisha,358.0,Kalahandi,7920,1576869,199
497,21.0,Odisha,359.0,Kandhamal,7654,733110,96
498,21.0,Odisha,360.0,Kendrapara,2644,1440361,545
499,21.0,Odisha,361.0,Kendujhar,8303,1801733,217
500,21.0,Odisha,362.0,Khordha,2813,2251673,800
501,21.0,Odisha,363.0,Koraput,8807,1379647,157
502,21.0,Odisha,364.0,Malkangiri,5791,613192,106
503,21.0,Odisha,365.0,Mayurbhanj,10418,2519738,242
504,21.0,Odisha,366.0,Nabarangpur,5294,1220946,231
505,21.0,Odisha,367.0,Nayagarh,3890,962789,247
506,21.0,Odisha,368.0,Nuapada,3852,610382,158
507,21.0,Odisha,369.0,Puri,3051,1698730,557
508,21.0,Odisha,370.0,Rayagada,7073,967911,137
509,21.0,Odisha,371.0,Sambalpur,6702,1041099,155
510,21.0,Odisha,372.0,Sonepur,,,
511,21.0,Odisha,373.0,Sundargarh,9712,2093437,215
512,34.0,Puducherry,598.0,Karaikal,160,"200,222","1,252"
513,34.0,Puducherry,600.0,Puducherry,,,
514,3.0,Punjab,27.0,Amritsar,2647,2490891,932
515,3.0,Punjab,605.0,Barnala,1410,596294,419
516,3.0,Punjab,28.0,Bathinda,3385,1388859,414
517,3.0,Punjab,29.0,Faridkot,1469,618008,424
518,3.0,Punjab,30.0,Fatehgarh Sahib,1180,599814,508
519,3.0,Punjab,651.0,Fazilka,,,
520,3.0,Punjab,31.0,Ferozepur,,,
521,3.0,Punjab,32.0,Gurdaspur,2635,2299026,649
522,3.0,Punjab,33.0,Hoshiarpur,3365,1582793,466
523,3.0,Punjab,34.0,Jalandhar,2632,2181753,831
524,3.0,Punjab,35.0,Kapurthala,1632,817668,501
525,3.0,Punjab,36.0,Ludhiana,3767,3487882,975
526,3.0,Punjab,737.0,Malerkotla,837,452016,540
527,3.0,Punjab,37.0,Mansa,2171,768808,350
528,3.0,Punjab,38.0,Moga,2216,992289,444
529,3.0,Punjab,662.0,Pathankot,929,676598,728
530,3.0,Punjab,41.0,Patiala,3218,1892282,596
531,3.0,Punjab,42.0,Rupnagar,1369,683349,488
532,3.0,Punjab,43.0,Sangrur,2848,1203153,422
533,3.0,Punjab,608.0,S.A.S Nagar,,,
534,3.0,Punjab,40.0,Shahid Bhagat Singh Nagar,,,
535,3.0,Punjab,39.0,Sri Muktsar Sahib,2615,902702,348
536,3.0,Punjab,609.0,Tarn Taran,2449,1120070,464
537,8.0,Rajasthan,86.0,Ajmer,8481,1531974,
538,8.0,Rajasthan,87.0,Alwar,8380,2015275,
539,8.0,Rajasthan,776.0,Anupgarh,,,
540,8.0,Rajasthan,775.0,Balotra,,1115751,
541,8.0,Rajasthan,88.0,Banswara,5037,1798194,
542,8.0,Rajasthan,89.0,Baran,6992,1223921,
543,8.0,Rajasthan,90.0,Barmer,28387,1488000,
544,8.0,Rajasthan,774.0,Beawar,,1094918,
545,8.0,Rajasthan,91.0,Bharatpur,5066,1475707,
546,8.0,Rajasthan,92.0,Bhilwara,10455,1589543,
547,8.0,Rajasthan,93.0,Bikaner,30247,2367745,
548,8.0,Rajasthan,94.0,Bundi,5550,1113725,
549,8.0,Rajasthan,95.0,Chittorgarh,7822,1544392,
550,8.0,Rajasthan,96.0,Churu,13858,2041172,
551,8.0,Rajasthan,97.0,Dausa,3432,1637226,
552,8.0,Rajasthan,767.0,Deeg,,1072755,
553,8.0,Rajasthan,98.0,Dholpur,3084,1207293,
554,8.0,Rajasthan,768.0,Didwana-Kuchaman,,1625837,
555,8.0,Rajasthan,769.0,Dudu,,,
556,8.0,Rajasthan,99.0,Dungarpur,3770,1388906,
557,8.0,Rajasthan,100.0,Ganganagar,,,
558,8.0,Rajasthan,771.0,Gangapurcity,,,
559,8.0,Rajasthan,101.0,Hanumangarh,9656,1774692,
560,8.0,Rajasthan,102.0,Jaipur,11152,6046835,
561,8.0,Rajasthan,783.0,Jaipur (Gramin),,,
562,8.0,Rajasthan,103.0,Jaisalmer,38401,669919,
563,8.0,Rajasthan,104.0,Jalore,10640,1828730,
564,8.0,Rajasthan,105.0,Jhalawar,6928,1411129,
565,8.0,Rajasthan,106.0,Jhunjhunu,5928,2137045,
566,8.0,Rajasthan,107.0,Jodhpur,22850,2955582,
567,8.0,Rajasthan,778.0,Jodhpur (Gramin),,,
568,8.0,Rajasthan,108.0,Karauli,5043,1458248,
569,8.0,Rajasthan,781.0,Kekri,,,
570,8.0,Rajasthan,770.0,Khairthal-Tijara,,966821,
571,8.0,Rajasthan,109.0,Kota,5217,1951014,
572,8.0,Rajasthan,782.0,Kotputli-Behror,,1271426,
573,8.0,Rajasthan,110.0,Nagaur,17718,1605543,
574,8.0,Rajasthan,773.0,Neem Ka Thana,,,
575,8.0,Rajasthan,111.0,Pali,12387,1605543,
576,8.0,Rajasthan,772.0,Phalodi,,731583,
577,8.0,Rajasthan,629.0,Pratapgarh,4117,867848,
577,8.0,Rajasthan,629.0,Pratapgarh,3717,3209141,863
578,8.0,Rajasthan,112.0,Rajsamand,4550,1156597,
579,8.0,Rajasthan,777.0,Salumbar,,570775,
580,8.0,Rajasthan,779.0,Sanchore,,,
581,8.0,Rajasthan,113.0,Sawai Madhopur,10527,1335551,
582,8.0,Rajasthan,780.0,Shahpura,,,
583,8.0,Rajasthan,114.0,Sikar,7742,2677333,
584,8.0,Rajasthan,115.0,Sirohi,5136,1036346,
585,8.0,Rajasthan,116.0,Tonk,7194,1421326,
586,8.0,Rajasthan,117.0,Udaipur,11724,2497645,
587,11.0,Sikkim,225.0,Gangtok,954,"281,293",295
588,11.0,Sikkim,228.0,Gyalshing,"1,166","136,299",117
589,11.0,Sikkim,226.0,Mangan,"4,226","43,354",10
590,11.0,Sikkim,227.0,Namchi,750,"146,742",196
591,11.0,Sikkim,741.0,Pakyong,404,"74,583",180
592,11.0,Sikkim,742.0,Soreng,293,"64,760",221
593,33.0,Tamil Nadu,610.0,Ariyalur,2027.6,754894,372
594,33.0,Tamil Nadu,730.0,Chengalpattu,2802.6,2556244,912
595,33.0,Tamil Nadu,568.0,Chennai,,,
596,33.0,Tamil Nadu,569.0,Coimbatore,4950.7,3458045,699
597,33.0,Tamil Nadu,570.0,Cuddalore,3870,2605914,673
598,33.0,Tamil Nadu,571.0,Dharmapuri,4735.7,1506843,318
599,33.0,Tamil Nadu,572.0,Dindigul,6289.1,2159775,343
600,33.0,Tamil Nadu,573.0,Erode,6036,2251744,373
601,33.0,Tamil Nadu,729.0,Kallakurichi,3440.8,1370281,398
602,33.0,Tamil Nadu,574.0,Kancheepuram,1800.2,1166401,648
603,33.0,Tamil Nadu,575.0,Kanniyakumari,,,
604,33.0,Tamil Nadu,576.0,Karur,3022.3,1064493,352
605,33.0,Tamil Nadu,577.0,Krishnagiri,5414.4,1883731,348
606,33.0,Tamil Nadu,578.0,Madurai,3846.4,3038252,790
607,33.0,Tamil Nadu,735.0,Mayiladuthurai,1237.1,918356,742
608,33.0,Tamil Nadu,579.0,Nagapattinam,1459,697069,478
609,33.0,Tamil Nadu,580.0,Namakkal,3573.4,1726601,483
610,33.0,Tamil Nadu,581.0,Perambalur,1836.6,565223,308
611,33.0,Tamil Nadu,582.0,Pudukkottai,4847.8,1618345,334
612,33.0,Tamil Nadu,583.0,Ramanathapuram,4243.1,1353445,319
613,33.0,Tamil Nadu,731.0,Ranipet,2234.3,1210277,542
614,33.0,Tamil Nadu,584.0,Salem,5245,3482056,669
615,33.0,Tamil Nadu,585.0,Sivaganga,4086,1339101,328
616,33.0,Tamil Nadu,733.0,Tenkasi,2916.1,1407627,483
617,33.0,Tamil Nadu,586.0,Thanjavur,3396.6,2405890,708
618,33.0,Tamil Nadu,588.0,Theni,3066,1245899,406
619,33.0,Tamil Nadu,587.0,The Nilgiris,,,
620,33.0,Tamil Nadu,589.0,Tiruvallur,3444.2,3728104,1082
621,33.0,Tamil Nadu,590.0,Tiruvarur,2161,1264277,585
622,33.0,Tamil Nadu,594.0,Thoothukudi,4621,1750176,379
623,33.0,Tamil Nadu,591.0,Tiruchirappalli,4407,2722290,618
624,33.0,Tamil Nadu,592.0,Tirunelveli,3842.4,1665253,433
625,33.0,Tamil Nadu,732.0,Tirupathur,1792.9,1111812,620
626,33.0,Tamil Nadu,634.0,Tiruppur,5186.3,2479052,478
627,33.0,Tamil Nadu,593.0,Tiruvannamalai,6191,2464875,398
628,33.0,Tamil Nadu,595.0,Vellore,2222.1,1614242,726
629,33.0,Tamil Nadu,596.0,Viluppuram,3725.5,2093003,562
630,33.0,Tamil Nadu,597.0,Virudhunagar,4288,1942288,453
631,36.0,Telangana,501.0,Adilabad,4153,708972,171
632,36.0,Telangana,690.0,Bhadradri kothagudem,7483,1069261,143
633,36.0,Telangana,686.0,Hanumakonda,1309,1080858,826
634,36.0,Telangana,507.0,Hyderabad,217,3943323,18172
635,36.0,Telangana,681.0,Jagitial,,,
636,36.0,Telangana,689.0,Jangoan,,,
637,36.0,Telangana,687.0,Jayashankar Bhupalpally,2293,416763,180
638,36.0,Telangana,695.0,Jogulamba Gadwal,2928,609990,208
639,36.0,Telangana,685.0,Kamareddy,3652,972625,266
640,36.0,Telangana,508.0,Karimnagar,2128,1005711,473
641,36.0,Telangana,509.0,Khammam,4361,1401639,321
642,36.0,Telangana,699.0,Kumuram Bheem Asifabad,4878,515812,106
643,36.0,Telangana,688.0,Mahabubabad,2877,774549,269
644,36.0,Telangana,512.0,Mahabubnagar,2738,919903,340
645,36.0,Telangana,684.0,Mancherial,4016,807037,201
646,36.0,Telangana,513.0,Medak,2786,767428,275
647,36.0,Telangana,700.0,MedchalâMalkajgiri,1084,2440073,2251
648,36.0,Telangana,720.0,Mulugu,3881,257744,66
649,36.0,Telangana,694.0,Nagarkurnool,6545,893308,142
650,36.0,Telangana,514.0,Nalgonda,7122,1618416,227
651,36.0,Telangana,721.0,Narayanpet,2336,566874,240
652,36.0,Telangana,680.0,Nirmal,3845,709418,185
653,36.0,Telangana,516.0,Nizamabad,4288,1571022,366
654,36.0,Telangana,682.0,Peddapalli,2236,795332,356
655,36.0,Telangana,683.0,Rajanna Sircilla,2019,552037,273
656,36.0,Telangana,518.0,Ranga Reddy,5031,2446265,486
657,36.0,Telangana,691.0,Sangareddy,4403,1527628,347
658,36.0,Telangana,692.0,Siddipet,3632,1012065,279
659,36.0,Telangana,696.0,Suryapet,3607,1099560,305
660,36.0,Telangana,698.0,Vikarabad,3386,927140,274
661,36.0,Telangana,693.0,Wanaparthy,2152,577758,268
662,36.0,Telangana,522.0,Warangal,2175,718537,330
663,36.0,Telangana,697.0,Yadadri Bhuvanagiri,,,
664,38.0,The Dadra And Nagar Haveli And Daman And Diu,465.0,Dadra and Nagar Haveli,491,342853,698.27
665,38.0,The Dadra And Nagar Haveli And Daman And Diu,463.0,Daman,72,190855,2650.76
666,38.0,The Dadra And Nagar Haveli And Daman And Diu,464.0,Diu,40,52056,1301.4
667,16.0,Tripura,269.0,Dhalai,2426,378000,
668,16.0,Tripura,654.0,Gomati,1522.8,441538,
669,16.0,Tripura,652.0,Khowai,1377.28,327564,
670,16.0,Tripura,270.0,North Tripura,1422.19,415946,
671,16.0,Tripura,653.0,Sepahijala,,,
672,16.0,Tripura,271.0,South Tripura,1514.3,453079,
673,16.0,Tripura,655.0,Unakoti,686.97,298574,
674,16.0,Tripura,272.0,West Tripura,983.63,918200,
675,5.0,Uttarakhand,45.0,Almora,3083,621972,201
676,5.0,Uttarakhand,46.0,Bageshwar,2302,259840,113
677,5.0,Uttarakhand,47.0,Chamoli,8030,391114,49
678,5.0,Uttarakhand,48.0,Champawat,1781,259315,146
679,5.0,Uttarakhand,49.0,Dehradun,3088,1695860,550
680,5.0,Uttarakhand,50.0,Haridwar,2360,1927029,817
681,5.0,Uttarakhand,51.0,Nainital,3860,955128,247
682,5.0,Uttarakhand,52.0,Pauri Garhwal,5399,686572,127
683,5.0,Uttarakhand,53.0,Pithoragarh,7100,485993,68
684,5.0,Uttarakhand,54.0,Rudraprayag,1890,236857,125
685,5.0,Uttarakhand,55.0,Tehri Garhwal,4080,616409,151
686,5.0,Uttarakhand,56.0,Udham Singh Nagar,2908,1648367,567
687,5.0,Uttarakhand,57.0,Uttarkashi,8016,329686,41
688,9.0,Uttar Pradesh,118.0,Agra,4041,4418797,1093
689,9.0,Uttar Pradesh,119.0,Aligarh,3788,3673889,1007
690,9.0,Uttar Pradesh,121.0,Ambedkar Nagar,2350,2397888,1020
691,9.0,Uttar Pradesh,640.0,Amethi,2329.11,2050133,773
692,9.0,Uttar Pradesh,154.0,Amroha,2249,1840221,818
693,9.0,Uttar Pradesh,122.0,Auraiya,2016,1379545,684
694,9.0,Uttar Pradesh,140.0,Ayodhya,2522,2470996,1056
695,9.0,Uttar Pradesh,123.0,Azamgarh,4054,4613913,1138
696,9.0,Uttar Pradesh,124.0,Baghpat,,,
697,9.0,Uttar Pradesh,125.0,Bahraich,2981,3487731,1170
698,9.0,Uttar Pradesh,126.0,Ballia,3349,3239774,967
699,9.0,Uttar Pradesh,127.0,Balrampur,6016.34,730491,100
699,9.0,Uttar Pradesh,127.0,Balrampur,4408,2148665,487
700,9.0,Uttar Pradesh,128.0,Banda,4402,1799410,409
701,9.0,Uttar Pradesh,129.0,Barabanki,4120,3260699,791
702,9.0,Uttar Pradesh,130.0,Bareilly,2688,4448359,1655
703,9.0,Uttar Pradesh,131.0,Basti,4561,2464464,540
704,9.0,Uttar Pradesh,179.0,Bhadohi,1646,1715183,1042
705,9.0,Uttar Pradesh,132.0,Bijnor,4262,3682713,864
706,9.0,Uttar Pradesh,133.0,Budaun,4234,3127621,2368
707,9.0,Uttar Pradesh,134.0,Bulandshahr,4441,3499171,776
708,9.0,Uttar Pradesh,135.0,Chandauli,2541,1952756,768
709,9.0,Uttar Pradesh,136.0,Chitrakoot,3216,991730,308
710,9.0,Uttar Pradesh,137.0,Deoria,2540,3100946,1221
711,9.0,Uttar Pradesh,138.0,Etah,2431,1774480,730
712,9.0,Uttar Pradesh,139.0,Etawah,2311,1581810,684
713,9.0,Uttar Pradesh,141.0,Farrukhabad,2181,1885204,864
714,9.0,Uttar Pradesh,142.0,Fatehpur,4152,2632733,634
715,9.0,Uttar Pradesh,143.0,Firozabad,2407,2498156,1038
716,9.0,Uttar Pradesh,144.0,Gautam Buddha Nagar,720,1648115,2288
717,9.0,Uttar Pradesh,145.0,Ghaziabad,1179,3343334,2836
718,9.0,Uttar Pradesh,146.0,Ghazipur,3377,3620268,1072
719,9.0,Uttar Pradesh,147.0,Gonda,4003,3433919,858
720,9.0,Uttar Pradesh,148.0,Gorakhpur,3321,4440895,1337
721,9.0,Uttar Pradesh,149.0,Hamirpur,1118,454768,407
721,9.0,Uttar Pradesh,149.0,Hamirpur,4021,1104285,275
722,9.0,Uttar Pradesh,661.0,Hapur,649,1338311,2061
723,9.0,Uttar Pradesh,150.0,Hardoi,5986,4092845,684
724,9.0,Uttar Pradesh,163.0,Hathras,1840,1564708,850
725,9.0,Uttar Pradesh,151.0,Jalaun,4565,1689974,370
726,9.0,Uttar Pradesh,152.0,Jaunpur,4038,4494204,1113
727,9.0,Uttar Pradesh,153.0,Jhansi,5024,1998603,398
728,9.0,Uttar Pradesh,155.0,Kannauj,2093,1656616,792
729,9.0,Uttar Pradesh,156.0,Kanpur Dehat,3021,1796184,595
730,9.0,Uttar Pradesh,157.0,Kanpur Nagar,3155,4581268,1452
731,9.0,Uttar Pradesh,633.0,Kasganj,1955,1436719,735
732,9.0,Uttar Pradesh,158.0,Kaushambi,1779,1599596,899
733,9.0,Uttar Pradesh,159.0,Kheri,,,
734,9.0,Uttar Pradesh,160.0,Kushinagar,2905,4021243,1200
735,9.0,Uttar Pradesh,161.0,Lalitpur,5039,1221592,242
736,9.0,Uttar Pradesh,162.0,Lucknow,2528,4589838,1816
737,9.0,Uttar Pradesh,165.0,Mahoba,3144,875958,279
738,9.0,Uttar Pradesh,164.0,Maharajganj,2952,2684703,909
739,9.0,Uttar Pradesh,166.0,Mainpuri,2760,1868529,677
740,9.0,Uttar Pradesh,167.0,Mathura,3340,2547184,763
741,9.0,Uttar Pradesh,168.0,Mau,1713,2205968,1288
742,9.0,Uttar Pradesh,169.0,Meerut,2559,3443689,1346
743,9.0,Uttar Pradesh,170.0,Mirzapur,4405,2496970,567
744,9.0,Uttar Pradesh,171.0,Moradabad,2233,3126507,1400
745,9.0,Uttar Pradesh,172.0,Muzaffarnagar,2742,2869934,1047
746,9.0,Uttar Pradesh,173.0,Pilibhit,3686,2031007,551
747,9.0,Uttar Pradesh,174.0,Pratapgarh,4117,867848,
747,9.0,Uttar Pradesh,174.0,Pratapgarh,3717,3209141,863
748,9.0,Uttar Pradesh,120.0,Prayagraj,5482,5954391,1086
749,9.0,Uttar Pradesh,175.0,Rae Bareli,3937,2903507,737
750,9.0,Uttar Pradesh,176.0,Rampur,2367,2335819,987
751,9.0,Uttar Pradesh,177.0,Saharanpur,3689,3466382,940
752,9.0,Uttar Pradesh,659.0,Sambhal,1015,1578213,1555
753,9.0,Uttar Pradesh,178.0,Sant Kabir Nagar,2390,2199774,920
754,9.0,Uttar Pradesh,180.0,Shahjahanpur,4388,3006538,685
755,9.0,Uttar Pradesh,660.0,Shamli,1266,1273578,1006
756,9.0,Uttar Pradesh,181.0,Shrawasti,,,
757,9.0,Uttar Pradesh,182.0,Siddharthnagar,2895,2559297,884
758,9.0,Uttar Pradesh,183.0,Sitapur,5743,4483992,781
759,9.0,Uttar Pradesh,184.0,Sonbhadra,6905,1862559,270
760,9.0,Uttar Pradesh,185.0,Sultanpur,2457,2249036,915
761,9.0,Uttar Pradesh,186.0,Unnao,4558,3108367,682
762,9.0,Uttar Pradesh,187.0,Varanasi,1535,3676841,2395
763,19.0,West Bengal,664.0,Alipurduar,3383,1491250,441
764,19.0,West Bengal,305.0,Bankura,6882,3596674,523
765,19.0,West Bengal,307.0,Birbhum,4545,3502404,771
766,19.0,West Bengal,308.0,Cooch Behar,3387,2819086,833
767,19.0,West Bengal,310.0,Dakshin Dinajpur,2219,1676276,755
768,19.0,West Bengal,309.0,Darjeeling,3149,1595181,732
769,19.0,West Bengal,312.0,Hooghly,3149,5519145,1753
770,19.0,West Bengal,313.0,Howrah,1467,4850029,3306
771,19.0,West Bengal,314.0,Jalpaiguri,6227,2381596,837
772,19.0,West Bengal,703.0,Jhargram,3037.64,1136548,374
773,19.0,West Bengal,702.0,Kalimpong,1044,251642,241
774,19.0,West Bengal,315.0,Kolkata,206.08,4496694,24306
775,19.0,West Bengal,316.0,Malda,3733,3988845,1069
776,19.0,West Bengal,319.0,Murshidabad,5324,7103807,1334
777,19.0,West Bengal,320.0,Nadia,3927,5167601,1316
778,19.0,West Bengal,303.0,North 24 Parganas,4094,10009781,2445
779,19.0,West Bengal,704.0,Paschim Bardhaman,1603.17,2882031,1798
780,19.0,West Bengal,318.0,Paschim Medinipur,6308,4776909,757
781,19.0,West Bengal,306.0,Purba Bardhaman,5432.69,4835532,890
782,19.0,West Bengal,317.0,Purba Medinipur,4785,5095875,1076
783,19.0,West Bengal,321.0,Purulia,6259,2930115,468
784,19.0,West Bengal,304.0,South 24 Parganas,9960,8161961,819
785,19.0,West Bengal,311.0,Uttar Dinajpur,3140,3007134,958
,,,,,,,
1/29/2025 17:08,,,,,,,
